Method	Jaccard_Top3	Jaccard_Top5	Jaccard_Top7	Jaccard_Top10	Spearman_Correlation
Jackknife (n=4845)	0.986171310629515	0.684733893557423	0.7001686628931211	0.8181818181818182	0.7409306689182851
Bootstrap (n=5000)	0.8862400000000001	0.6471579365079366	0.6068913131313131	0.8264	0.6300927272727272
