Method	Jaccard_Top3	Jaccard_Top5	Jaccard_Top7	Jaccard_Top10	Spearman_Correlation
Jackknife (n=12650)	0.5	0.43464615095049874	0.5555524813350899	1.0	0.4066482213438736
Bootstrap (n=5000)	0.51064	0.46440952380952366	0.556741313131313	0.9936363636363637	0.4036727272727273
